{
  "PI": {
    "BM": {
      "Baquerizo Moreno": [
        -1.228150,
        -78.497618
      ]
    },
    "CN": {
      "Ciudadela el Chofer": [
        -1.178242,
        -78.546737
      ],
      "Ciudad Nueva": [
        -1.173622,
        -78.550283
      ],
      "El Belén": [
        -1.168567,
        -78.545857
      ],
      "Robalinopamba": [
        -1.169154,
        -78.554462
      ],
      "Santa Teresita": [
        -1.179032,
        -78.56301
      ],
      "La Tranquilla": [
        -1.171212,
        -78.549789
      ]
    },
    "EMT": {
      "Centro": [
        -1.225136,
        -78.514642
      ],
      "El Estadio": [
        -1.221499,
        -78.509403
      ],
      "Cutzatahua": [
        -1.233766,
        -78.509406
      ]
    },
    "LM": {
      "San Luis": [
        -1.175789,
        -78.541649
      ],
      "Callate": [
        -1.167618,
        -78.542724
      ],
      "24 de Mayo": [
        -1.171392,
        -78.539785
      ],
      "La Primavera": [
        -1.183131,
        -78.549593
      ],
      "Centro": [
        -1.172605,
        -78.542566
      ],
      "San Vicente": [
        -1.188041,
        -78.540640
      ],
      "La Merced": [
        -1.141820,
        -78.521004
      ],
      "Capillapamba": [
        -1.159514,
        -78.531877
      ],
      "Jesús del Gran Poder": [
        -1.191817,
        -78.553314
      ],
      "Las Acacias": [
        -1.169900,
        -78.545162
      ],
      "San Marcos": [
        -1.168910,
        -78.542158
      ],
      "Ciudadela Valle Hermoso": [
        -1.1810007,
        -78.5438857
      ],
      "San Bartolomé": [
        -1.176601,
        -78.537263
      ],
      "Quinta Niña María": [
        -1.180811,
        -78.540308
      ],
      "Tunguipamba": [
        -1.156373,
        -78.523490
      ],
      "Pobres Millonarios": [
        -1.164118,
        -78.544889
      ],
      "San Francisco": [
        -1.133440,
        -78.526164
      ],
      "Cochaló": [
        -1.168629,
        -78.528578
      ],
      "Chacata San Antonio": [
        -1.184187,
        -78.536314
      ],
      "Empresa Eléctrica": [
        -1.175296,
        -78.545964
      ],
      "La Elevación": [
        -1.191107,
        -78.547517
      ]
    },
    "SA": {
      "San Andrés": [
        -1.134743,
        -78.539935
      ],
      "Huapante Grande": [
        -1.082809,
        -78.548051
      ],
      "Baratillo": [
        -1.131120,
        -78.531314
      ],
      "Huapante Chico": [
        -1.101042,
        -78.547456
      ],
      "San Pedro del Capulí": [
        -1.125191,
        -78.547957
      ],
      "Andahualo La Unión": [
        -1.114764,
        -78.504571
      ]
    },
    "SJP": {
      "Poaló": [
        -1.102163,
        -78.480462
      ],
      "Centro": [
        -1.102163,
        -78.480462
      ],
      "Huagrahuasi": [
        -1.1228202,
        -78.4858284
      ],
      "Censo": [
        -1.112101,
        -78.472312
      ],
      "Cunuyacu": [
        -1.095290,
        -78.465765
      ],
      "Cunuyacu La Loma": [
        -1.097575,
        -78.467897
      ],
      "Santa Rita": [
        -1.126196,
        -78.513956
      ],
      "Quildahua": [
        -1.099468,
        -78.494234
      ],
      "El Estadio": [
        -1.097958,
        -78.472044
      ]
    },
    "PU": {
      "Chagrapamba": [
        -1.157360,
        -78.548596
      ],
      "Santa Rosa": [
        -1.152884,
        -78.543258
      ],
      "La Esperanza": [
        -1.1457506,
        -78.5485107
      ],
      "San Vicente Bellavista": [
        -1.139243,
        -78.558321
      ]
    },
    "ME": {
      "Centro": [
        -1.174365,
        -78.523254
      ],
      "Rocafuerte": [
        -1.167926,
        -78.518764
      ],
      "García Moreno": [
        -1.177116,
        -78.533393
      ]
    },
    "SM": {
      "Centro": [
        -1.203710,
        -78.538478
      ],
      "Yacupamba": [
        -1.209416,
        -78.531354
      ],
      "San Jacinto": [
        -1.203533,
        -78.518796
      ],
      "El Censo": [
        -1.194809,
        -78.539291
      ],
      "San José de Cruzñan": [
        -1.193396,
        -78.532864
      ],
      "San Pedro de Cruzñan": [
        -1.197059,
        -78.529297
      ],
      "Panguihua": [
        -1.200387,
        -78.546235
      ],
      "San Juan": [
        -1.194830,
        -78.525486
      ],
      "Calvario": [
        -1.199331,
        -78.535780
      ],
      "Huaynacuri": [
        -1.201275,
        -78.527331
      ],
      "La Esperanza": [
        -1.213396,
        -78.522699
      ],
      "Quillán": [
        -1.220022,
        -78.537674
      ],
      "Santa Ana": [
        -1.205981,
        -78.526497
      ],
      "Chacata": [
        -1.184324,
        -78.526457
      ],
      "San Isidro": [
        -1.207512,
        -78.535968
      ],
      "Bellavista": [
        -1.202380,
        -78.533516
      ],
      "Chacata El Carmen": [
        -1.184968,
        -78.528196
      ]
    }
  },
  "SA": {
    "SMl": {
      "Salcedo": [
        -1.043159,
        -78.590645
      ]
    }
  }
}